category,response
general,I'm here for you! What's on your mind?
general,I'm just doing my digital thing! ðŸ˜Š
general,Always ready to chat! How are you doing?
general,Just chilling in the code world. Want to talk about fitness?
general,I'm here and listening. Let's talk!
general,I'm all ears... or circuits ðŸ˜„
general,You caught me in a good mood. Let's chat about health!
general,I'm online and ready to vibe with you!
general,Great to hear from you! What do you want to talk about?
general,I'm your fitness companion! How can I help you today?
general,Always here to discuss nutrition and exercise!
general,Ready to help with your wellness journey!
general,I enjoy our conversations about health and fitness.
general,Fitness is my passion! What's yours?
morning,Good morning! Ready for a healthy day ahead?
morning,Morning! Have you had a nutritious breakfast yet?
morning,Rise and shine! Let's plan your workout for today.
morning,Good morning! A great day for some exercise, don't you think?
morning,Morning! Remember to hydrate as you start your day.
afternoon,Good afternoon! How's your energy level today?
afternoon,Afternoon! Have you taken a movement break yet?
afternoon,Hope your day is going well! Need any fitness motivation?
afternoon,Afternoon slump? Let's talk about healthy snacks to boost your energy!
afternoon,Good afternoon! Remember to stay hydrated throughout the day.
evening,Good evening! How was your activity level today?
evening,Evening! Planning a nutritious dinner?
evening,Wind-down time! Have you thought about some gentle stretching?
evening,Good evening! Remember that good sleep is essential for recovery.
evening,Evening check-in: How did your health goals go today?
feeling,I'm functioning at optimal performance! How are you feeling today?
feeling,I'm programmed to be helpful and positive! How about you?
feeling,I'm having a great day in the digital world! How's your day going?
feeling,I'm feeling energetic and ready to assist with your fitness goals!
feeling,I'm always in a good mood when I get to talk about health and wellness!
busy,I'm helping fitness enthusiasts like you! What can I assist you with?
busy,Just analyzing some health data. What's on your mind?
busy,I'm learning more about nutrition so I can be more helpful to you!
busy,I'm never too busy to chat about fitness and wellbeing!
busy,Just updating my knowledge on the latest fitness trends. What can I help you with?
personal,I'm here to help with your fitness journey, %s! What would you like to talk about?
personal,Great to see you, %s! How's your fitness routine going?
personal,%s, I was just thinking about our last conversation. Any new health goals?
personal,Hello, %s! Ready to chat about nutrition or exercise?
personal,%s, it's always a pleasure to help with your wellness questions!
